<keymap version="1" name="Default copy" parent="$default">
  <action id="CodeCompletion">
    <keyboard-shortcut first-keystroke="ctrl comma" />
  </action>
  <action id="EvaluateExpression" />
  <action id="GotoDeclaration">
    <mouse-shortcut keystroke="control button1" />
    <mouse-shortcut keystroke="button2" />
    <keyboard-shortcut first-keystroke="f12" />
  </action>
  <action id="GotoImplementation">
    <keyboard-shortcut first-keystroke="ctrl b" />
  </action>
  <action id="JumpToLastWindow" />
  <action id="ReformatCode">
    <keyboard-shortcut first-keystroke="alt f8" />
  </action>
  <action id="ToggleFullScreen">
    <keyboard-shortcut first-keystroke="alt d" />
  </action>
  <action id="Vcs.UpdateProject" />
</keymap>